attack_type,family,in_train,n_records,n_detected,n_missed,recall
guess_passwd,R2L,True,1231,1,1230,0.0008
warezmaster,R2L,True,944,77,867,0.0816
processtable,DoS,False,685,105,580,0.1533
apache2,DoS,False,737,273,464,0.3704
mscan,Probe,False,996,562,434,0.5643
snmpguess,R2L,False,331,0,331,0.0
mailbomb,DoS,False,293,0,293,0.0
snmpgetattack,R2L,False,178,0,178,0.0
httptunnel,R2L,False,133,46,87,0.3459
buffer_overflow,U2R,True,20,3,17,0.15
multihop,R2L,True,18,2,16,0.1111
named,R2L,False,17,3,14,0.1765
sendmail,R2L,False,14,0,14,0.0
ps,U2R,False,15,2,13,0.1333
rootkit,U2R,True,13,0,13,0.0
xterm,U2R,False,13,2,11,0.1538
xlock,R2L,False,9,0,9,0.0
back,DoS,True,359,351,8,0.9777
saint,Probe,False,319,315,4,0.9875
xsnoop,R2L,False,4,1,3,0.25
ftp_write,R2L,True,3,1,2,0.3333
loadmodule,U2R,True,2,0,2,0.0
neptune,DoS,True,4657,4655,2,0.9996
pod,DoS,True,41,39,2,0.9512
worm,DoS,False,2,0,2,0.0
imap,R2L,True,1,0,1,0.0
land,DoS,True,7,6,1,0.8571
perl,U2R,True,2,1,1,0.5
phf,R2L,True,2,1,1,0.5
sqlattack,U2R,False,2,1,1,0.5
ipsweep,Probe,True,141,141,0,1.0
nmap,Probe,True,73,73,0,1.0
portsweep,Probe,True,157,157,0,1.0
satan,Probe,True,735,735,0,1.0
smurf,DoS,True,665,665,0,1.0
teardrop,DoS,True,12,12,0,1.0
udpstorm,DoS,False,2,2,0,1.0
